{
  "name": "{{Dataset_Name}}",
  "compatibilityLevel": 1604,
  "model": {
    "name": "{{Dataset_Name}}",
    "culture": "en-US",
    "collation": "Latin1_General_100_BIN2_UTF8",
    "dataAccessOptions": {
      "legacyRedirects": true,
      "returnErrorValuesAsNull": true
    },
    "defaultPowerBIDataSourceVersion": "powerBI_V3",
    "sourceQueryCulture": "en-US",
    "tables": [
      {
        "name": "Bollywood(1)",
        "sourceLineageTag": "[IndianBO].[Bollywood]",
        "columns": [
          {
            "name": "FilmID",
            "dataType": "string",
            "sourceColumn": "FilmID",
            "sourceProviderType": "varchar",
            "sourceLineageTag": "FilmID",
            "summarizeBy": "none",
            "annotations": [
              {
                "name": "SummarizationSetBy",
                "value": "Automatic"
              }
            ]
          },
          {
            "name": "Title",
            "dataType": "string",
            "sourceColumn": "Title",
            "sourceProviderType": "varchar",
            "sourceLineageTag": "Title",
            "summarizeBy": "none",
            "annotations": [
              {
                "name": "SummarizationSetBy",
                "value": "Automatic"
              }
            ]
          },
          {
            "name": "Release_Date",
            "dataType": "string",
            "sourceColumn": "Release_Date",
            "sourceProviderType": "varchar",
            "sourceLineageTag": "Release_Date",
            "summarizeBy": "none",
            "annotations": [
              {
                "name": "SummarizationSetBy",
                "value": "Automatic"
              }
            ]
          },
          {
            "name": "DirectorID",
            "dataType": "int64",
            "sourceColumn": "DirectorID",
            "formatString": "0",
            "sourceProviderType": "int",
            "sourceLineageTag": "DirectorID",
            "summarizeBy": "sum",
            "annotations": [
              {
                "name": "SummarizationSetBy",
                "value": "Automatic"
              }
            ]
          },
          {
            "name": "Lead_Actor_Actress",
            "dataType": "string",
            "sourceColumn": "Lead_Actor_Actress",
            "sourceProviderType": "varchar",
            "sourceLineageTag": "Lead_Actor_Actress",
            "summarizeBy": "none",
            "annotations": [
              {
                "name": "SummarizationSetBy",
                "value": "Automatic"
              }
            ]
          },
          {
            "name": "LanguageID",
            "dataType": "int64",
            "sourceColumn": "LanguageID",
            "formatString": "0",
            "sourceProviderType": "int",
            "sourceLineageTag": "LanguageID",
            "summarizeBy": "sum",
            "annotations": [
              {
                "name": "SummarizationSetBy",
                "value": "Automatic"
              }
            ]
          },
          {
            "name": "Industry",
            "dataType": "string",
            "sourceColumn": "Industry",
            "sourceProviderType": "varchar",
            "sourceLineageTag": "Industry",
            "summarizeBy": "none",
            "annotations": [
              {
                "name": "SummarizationSetBy",
                "value": "Automatic"
              }
            ]
          },
          {
            "name": "GenreID",
            "dataType": "int64",
            "sourceColumn": "GenreID",
            "formatString": "0",
            "sourceProviderType": "int",
            "sourceLineageTag": "GenreID",
            "summarizeBy": "sum",
            "annotations": [
              {
                "name": "SummarizationSetBy",
                "value": "Automatic"
              }
            ]
          },
          {
            "name": "Budget",
            "dataType": "double",
            "sourceColumn": "Budget",
            "sourceProviderType": "float",
            "sourceLineageTag": "Budget",
            "summarizeBy": "sum",
            "annotations": [
              {
                "name": "SummarizationSetBy",
                "value": "Automatic"
              },
              {
                "name": "PBI_FormatHint",
                "value": "{\"isGeneralNumber\":true}"
              }
            ]
          },
          {
            "name": "First_Day_Collection_Worldwide",
            "dataType": "double",
            "sourceColumn": "First_Day_Collection_Worldwide",
            "sourceProviderType": "float",
            "sourceLineageTag": "First_Day_Collection_Worldwide",
            "summarizeBy": "sum",
            "annotations": [
              {
                "name": "SummarizationSetBy",
                "value": "Automatic"
              },
              {
                "name": "PBI_FormatHint",
                "value": "{\"isGeneralNumber\":true}"
              }
            ]
          },
          {
            "name": "Worldwide_Collection_in_Crores",
            "dataType": "double",
            "sourceColumn": "Worldwide_Collection_in_Crores",
            "sourceProviderType": "float",
            "sourceLineageTag": "Worldwide_Collection_in_Crores",
            "summarizeBy": "sum",
            "annotations": [
              {
                "name": "SummarizationSetBy",
                "value": "Automatic"
              },
              {
                "name": "PBI_FormatHint",
                "value": "{\"isGeneralNumber\":true}"
              }
            ]
          },
          {
            "name": "Overseas_Collection",
            "dataType": "double",
            "sourceColumn": "Overseas_Collection",
            "sourceProviderType": "float",
            "sourceLineageTag": "Overseas_Collection",
            "summarizeBy": "sum",
            "annotations": [
              {
                "name": "SummarizationSetBy",
                "value": "Automatic"
              },
              {
                "name": "PBI_FormatHint",
                "value": "{\"isGeneralNumber\":true}"
              }
            ]
          },
          {
            "name": "India_Gross_Collection",
            "dataType": "double",
            "sourceColumn": "India_Gross_Collection",
            "sourceProviderType": "float",
            "sourceLineageTag": "India_Gross_Collection",
            "summarizeBy": "sum",
            "annotations": [
              {
                "name": "SummarizationSetBy",
                "value": "Automatic"
              },
              {
                "name": "PBI_FormatHint",
                "value": "{\"isGeneralNumber\":true}"
              }
            ]
          },
          {
            "name": "Verdict",
            "dataType": "string",
            "sourceColumn": "Verdict",
            "sourceProviderType": "varchar",
            "sourceLineageTag": "Verdict",
            "summarizeBy": "none",
            "annotations": [
              {
                "name": "SummarizationSetBy",
                "value": "Automatic"
              }
            ]
          },
          {
            "name": "IMDb_Rating",
            "dataType": "double",
            "sourceColumn": "IMDb_Rating",
            "sourceProviderType": "float",
            "sourceLineageTag": "IMDb_Rating",
            "summarizeBy": "sum",
            "annotations": [
              {
                "name": "SummarizationSetBy",
                "value": "Automatic"
              },
              {
                "name": "PBI_FormatHint",
                "value": "{\"isGeneralNumber\":true}"
              }
            ]
          },
          {
            "name": "Runtime_mins",
            "dataType": "int64",
            "sourceColumn": "Runtime_mins",
            "formatString": "0",
            "sourceProviderType": "int",
            "sourceLineageTag": "Runtime_mins",
            "summarizeBy": "sum",
            "annotations": [
              {
                "name": "SummarizationSetBy",
                "value": "Automatic"
              }
            ]
          },
          {
            "name": "OTT_Platform",
            "dataType": "string",
            "sourceColumn": "OTT_Platform",
            "sourceProviderType": "varchar",
            "sourceLineageTag": "OTT_Platform",
            "summarizeBy": "none",
            "annotations": [
              {
                "name": "SummarizationSetBy",
                "value": "Automatic"
              }
            ]
          },
          {
            "name": "Year",
            "dataType": "string",
            "sourceColumn": "Year",
            "sourceProviderType": "varchar",
            "sourceLineageTag": "Year",
            "summarizeBy": "none",
            "annotations": [
              {
                "name": "SummarizationSetBy",
                "value": "Automatic"
              }
            ]
          },
          {
            "name": "Month",
            "dataType": "string",
            "sourceColumn": "Month",
            "sourceProviderType": "varchar",
            "sourceLineageTag": "Month",
            "summarizeBy": "none",
            "annotations": [
              {
                "name": "SummarizationSetBy",
                "value": "Automatic"
              }
            ]
          },
          {
            "name": "Month_Name",
            "dataType": "string",
            "sourceColumn": "Month_Name",
            "sourceProviderType": "varchar",
            "sourceLineageTag": "Month_Name",
            "summarizeBy": "none",
            "annotations": [
              {
                "name": "SummarizationSetBy",
                "value": "Automatic"
              }
            ]
          },
          {
            "name": "Week_Name",
            "dataType": "string",
            "sourceColumn": "Week_Name",
            "sourceProviderType": "varchar",
            "sourceLineageTag": "Week_Name",
            "summarizeBy": "none",
            "annotations": [
              {
                "name": "SummarizationSetBy",
                "value": "Automatic"
              }
            ]
          }
        ],
        "partitions": [
          {
            "name": "{{Partition_Name}}",
            "mode": "directLake",
            "source": {
              "type": "entity",
              "entityName": "Bollywood",
              "expressionSource": "DatabaseQuery",
              "schemaName": "IndianBO"
            }
          }
        ],
        "annotations": [
          {
            "name": "IsTableInBiModel",
            "value": "False"
          }
        ]
      },
      {
        "name": "Kollywood(1)",
        "sourceLineageTag": "[IndianBO].[Kollywood]",
        "columns": [
          {
            "name": "FilmID",
            "dataType": "string",
            "sourceColumn": "FilmID",
            "sourceProviderType": "varchar",
            "sourceLineageTag": "FilmID",
            "summarizeBy": "none",
            "annotations": [
              {
                "name": "SummarizationSetBy",
                "value": "Automatic"
              }
            ]
          },
          {
            "name": "Title",
            "dataType": "string",
            "sourceColumn": "Title",
            "sourceProviderType": "varchar",
            "sourceLineageTag": "Title",
            "summarizeBy": "none",
            "annotations": [
              {
                "name": "SummarizationSetBy",
                "value": "Automatic"
              }
            ]
          },
          {
            "name": "Release_Date",
            "dataType": "string",
            "sourceColumn": "Release_Date",
            "sourceProviderType": "varchar",
            "sourceLineageTag": "Release_Date",
            "summarizeBy": "none",
            "annotations": [
              {
                "name": "SummarizationSetBy",
                "value": "Automatic"
              }
            ]
          },
          {
            "name": "DirectorID",
            "dataType": "string",
            "sourceColumn": "DirectorID",
            "sourceProviderType": "varchar",
            "sourceLineageTag": "DirectorID",
            "summarizeBy": "none",
            "annotations": [
              {
                "name": "SummarizationSetBy",
                "value": "Automatic"
              }
            ]
          },
          {
            "name": "Lead_Actor_Actress",
            "dataType": "string",
            "sourceColumn": "Lead_Actor_Actress",
            "sourceProviderType": "varchar",
            "sourceLineageTag": "Lead_Actor_Actress",
            "summarizeBy": "none",
            "annotations": [
              {
                "name": "SummarizationSetBy",
                "value": "Automatic"
              }
            ]
          },
          {
            "name": "LanguageID",
            "dataType": "string",
            "sourceColumn": "LanguageID",
            "sourceProviderType": "varchar",
            "sourceLineageTag": "LanguageID",
            "summarizeBy": "none",
            "annotations": [
              {
                "name": "SummarizationSetBy",
                "value": "Automatic"
              }
            ]
          },
          {
            "name": "Industry",
            "dataType": "string",
            "sourceColumn": "Industry",
            "sourceProviderType": "varchar",
            "sourceLineageTag": "Industry",
            "summarizeBy": "none",
            "annotations": [
              {
                "name": "SummarizationSetBy",
                "value": "Automatic"
              }
            ]
          },
          {
            "name": "GenreID",
            "dataType": "string",
            "sourceColumn": "GenreID",
            "sourceProviderType": "varchar",
            "sourceLineageTag": "GenreID",
            "summarizeBy": "none",
            "annotations": [
              {
                "name": "SummarizationSetBy",
                "value": "Automatic"
              }
            ]
          },
          {
            "name": "Budget",
            "dataType": "string",
            "sourceColumn": "Budget",
            "sourceProviderType": "varchar",
            "sourceLineageTag": "Budget",
            "summarizeBy": "none",
            "annotations": [
              {
                "name": "SummarizationSetBy",
                "value": "Automatic"
              }
            ]
          },
          {
            "name": "First_Day_Collection_Worldwide",
            "dataType": "string",
            "sourceColumn": "First_Day_Collection_Worldwide",
            "sourceProviderType": "varchar",
            "sourceLineageTag": "First_Day_Collection_Worldwide",
            "summarizeBy": "none",
            "annotations": [
              {
                "name": "SummarizationSetBy",
                "value": "Automatic"
              }
            ]
          },
          {
            "name": "Worldwide_Collection_in_Crores",
            "dataType": "string",
            "sourceColumn": "Worldwide_Collection_in_Crores",
            "sourceProviderType": "varchar",
            "sourceLineageTag": "Worldwide_Collection_in_Crores",
            "summarizeBy": "none",
            "annotations": [
              {
                "name": "SummarizationSetBy",
                "value": "Automatic"
              }
            ]
          },
          {
            "name": "Overseas_Collection",
            "dataType": "string",
            "sourceColumn": "Overseas_Collection",
            "sourceProviderType": "varchar",
            "sourceLineageTag": "Overseas_Collection",
            "summarizeBy": "none",
            "annotations": [
              {
                "name": "SummarizationSetBy",
                "value": "Automatic"
              }
            ]
          },
          {
            "name": "India_Gross_Collection",
            "dataType": "string",
            "sourceColumn": "India_Gross_Collection",
            "sourceProviderType": "varchar",
            "sourceLineageTag": "India_Gross_Collection",
            "summarizeBy": "none",
            "annotations": [
              {
                "name": "SummarizationSetBy",
                "value": "Automatic"
              }
            ]
          },
          {
            "name": "Verdict",
            "dataType": "string",
            "sourceColumn": "Verdict",
            "sourceProviderType": "varchar",
            "sourceLineageTag": "Verdict",
            "summarizeBy": "none",
            "annotations": [
              {
                "name": "SummarizationSetBy",
                "value": "Automatic"
              }
            ]
          },
          {
            "name": "IMDb_Rating",
            "dataType": "string",
            "sourceColumn": "IMDb_Rating",
            "sourceProviderType": "varchar",
            "sourceLineageTag": "IMDb_Rating",
            "summarizeBy": "none",
            "annotations": [
              {
                "name": "SummarizationSetBy",
                "value": "Automatic"
              }
            ]
          },
          {
            "name": "Runtime_mins",
            "dataType": "string",
            "sourceColumn": "Runtime_mins",
            "sourceProviderType": "varchar",
            "sourceLineageTag": "Runtime_mins",
            "summarizeBy": "none",
            "annotations": [
              {
                "name": "SummarizationSetBy",
                "value": "Automatic"
              }
            ]
          },
          {
            "name": "OTT_Platform",
            "dataType": "string",
            "sourceColumn": "OTT_Platform",
            "sourceProviderType": "varchar",
            "sourceLineageTag": "OTT_Platform",
            "summarizeBy": "none",
            "annotations": [
              {
                "name": "SummarizationSetBy",
                "value": "Automatic"
              }
            ]
          },
          {
            "name": "Year",
            "dataType": "string",
            "sourceColumn": "Year",
            "sourceProviderType": "varchar",
            "sourceLineageTag": "Year",
            "summarizeBy": "none",
            "annotations": [
              {
                "name": "SummarizationSetBy",
                "value": "Automatic"
              }
            ]
          },
          {
            "name": "Month",
            "dataType": "string",
            "sourceColumn": "Month",
            "sourceProviderType": "varchar",
            "sourceLineageTag": "Month",
            "summarizeBy": "none",
            "annotations": [
              {
                "name": "SummarizationSetBy",
                "value": "Automatic"
              }
            ]
          },
          {
            "name": "Month_Name",
            "dataType": "string",
            "sourceColumn": "Month_Name",
            "sourceProviderType": "varchar",
            "sourceLineageTag": "Month_Name",
            "summarizeBy": "none",
            "annotations": [
              {
                "name": "SummarizationSetBy",
                "value": "Automatic"
              }
            ]
          },
          {
            "name": "Week_Name",
            "dataType": "string",
            "sourceColumn": "Week_Name",
            "sourceProviderType": "varchar",
            "sourceLineageTag": "Week_Name",
            "summarizeBy": "none",
            "annotations": [
              {
                "name": "SummarizationSetBy",
                "value": "Automatic"
              }
            ]
          }
        ],
        "partitions": [
          {
            "name": "{{Partition_Name}}",
            "mode": "directLake",
            "source": {
              "type": "entity",
              "entityName": "Kollywood",
              "expressionSource": "DatabaseQuery",
              "schemaName": "IndianBO"
            }
          }
        ],
        "annotations": [
          {
            "name": "IsTableInBiModel",
            "value": "False"
          }
        ]
      },
      {
        "name": "Sandalwood(1)",
        "sourceLineageTag": "[IndianBO].[Sandalwood]",
        "columns": [
          {
            "name": "FilmID",
            "dataType": "string",
            "sourceColumn": "FilmID",
            "sourceProviderType": "varchar",
            "sourceLineageTag": "FilmID",
            "summarizeBy": "none",
            "annotations": [
              {
                "name": "SummarizationSetBy",
                "value": "Automatic"
              }
            ]
          },
          {
            "name": "Title",
            "dataType": "string",
            "sourceColumn": "Title",
            "sourceProviderType": "varchar",
            "sourceLineageTag": "Title",
            "summarizeBy": "none",
            "annotations": [
              {
                "name": "SummarizationSetBy",
                "value": "Automatic"
              }
            ]
          },
          {
            "name": "Release_Date",
            "dataType": "string",
            "sourceColumn": "Release_Date",
            "sourceProviderType": "varchar",
            "sourceLineageTag": "Release_Date",
            "summarizeBy": "none",
            "annotations": [
              {
                "name": "SummarizationSetBy",
                "value": "Automatic"
              }
            ]
          },
          {
            "name": "DirectorID",
            "dataType": "string",
            "sourceColumn": "DirectorID",
            "sourceProviderType": "varchar",
            "sourceLineageTag": "DirectorID",
            "summarizeBy": "none",
            "annotations": [
              {
                "name": "SummarizationSetBy",
                "value": "Automatic"
              }
            ]
          },
          {
            "name": "Lead_Actor_Actress",
            "dataType": "string",
            "sourceColumn": "Lead_Actor_Actress",
            "sourceProviderType": "varchar",
            "sourceLineageTag": "Lead_Actor_Actress",
            "summarizeBy": "none",
            "annotations": [
              {
                "name": "SummarizationSetBy",
                "value": "Automatic"
              }
            ]
          },
          {
            "name": "LanguageID",
            "dataType": "string",
            "sourceColumn": "LanguageID",
            "sourceProviderType": "varchar",
            "sourceLineageTag": "LanguageID",
            "summarizeBy": "none",
            "annotations": [
              {
                "name": "SummarizationSetBy",
                "value": "Automatic"
              }
            ]
          },
          {
            "name": "Industry",
            "dataType": "string",
            "sourceColumn": "Industry",
            "sourceProviderType": "varchar",
            "sourceLineageTag": "Industry",
            "summarizeBy": "none",
            "annotations": [
              {
                "name": "SummarizationSetBy",
                "value": "Automatic"
              }
            ]
          },
          {
            "name": "GenreID",
            "dataType": "string",
            "sourceColumn": "GenreID",
            "sourceProviderType": "varchar",
            "sourceLineageTag": "GenreID",
            "summarizeBy": "none",
            "annotations": [
              {
                "name": "SummarizationSetBy",
                "value": "Automatic"
              }
            ]
          },
          {
            "name": "Budget",
            "dataType": "string",
            "sourceColumn": "Budget",
            "sourceProviderType": "varchar",
            "sourceLineageTag": "Budget",
            "summarizeBy": "none",
            "annotations": [
              {
                "name": "SummarizationSetBy",
                "value": "Automatic"
              }
            ]
          },
          {
            "name": "First_Day_Collection_Worldwide",
            "dataType": "string",
            "sourceColumn": "First_Day_Collection_Worldwide",
            "sourceProviderType": "varchar",
            "sourceLineageTag": "First_Day_Collection_Worldwide",
            "summarizeBy": "none",
            "annotations": [
              {
                "name": "SummarizationSetBy",
                "value": "Automatic"
              }
            ]
          },
          {
            "name": "Worldwide_Collection_in_Crores",
            "dataType": "string",
            "sourceColumn": "Worldwide_Collection_in_Crores",
            "sourceProviderType": "varchar",
            "sourceLineageTag": "Worldwide_Collection_in_Crores",
            "summarizeBy": "none",
            "annotations": [
              {
                "name": "SummarizationSetBy",
                "value": "Automatic"
              }
            ]
          },
          {
            "name": "Overseas_Collection",
            "dataType": "string",
            "sourceColumn": "Overseas_Collection",
            "sourceProviderType": "varchar",
            "sourceLineageTag": "Overseas_Collection",
            "summarizeBy": "none",
            "annotations": [
              {
                "name": "SummarizationSetBy",
                "value": "Automatic"
              }
            ]
          },
          {
            "name": "India_Gross_Collection",
            "dataType": "string",
            "sourceColumn": "India_Gross_Collection",
            "sourceProviderType": "varchar",
            "sourceLineageTag": "India_Gross_Collection",
            "summarizeBy": "none",
            "annotations": [
              {
                "name": "SummarizationSetBy",
                "value": "Automatic"
              }
            ]
          },
          {
            "name": "Verdict",
            "dataType": "string",
            "sourceColumn": "Verdict",
            "sourceProviderType": "varchar",
            "sourceLineageTag": "Verdict",
            "summarizeBy": "none",
            "annotations": [
              {
                "name": "SummarizationSetBy",
                "value": "Automatic"
              }
            ]
          },
          {
            "name": "IMDb_Rating",
            "dataType": "string",
            "sourceColumn": "IMDb_Rating",
            "sourceProviderType": "varchar",
            "sourceLineageTag": "IMDb_Rating",
            "summarizeBy": "none",
            "annotations": [
              {
                "name": "SummarizationSetBy",
                "value": "Automatic"
              }
            ]
          },
          {
            "name": "Runtime_mins",
            "dataType": "string",
            "sourceColumn": "Runtime_mins",
            "sourceProviderType": "varchar",
            "sourceLineageTag": "Runtime_mins",
            "summarizeBy": "none",
            "annotations": [
              {
                "name": "SummarizationSetBy",
                "value": "Automatic"
              }
            ]
          },
          {
            "name": "OTT_Platform",
            "dataType": "string",
            "sourceColumn": "OTT_Platform",
            "sourceProviderType": "varchar",
            "sourceLineageTag": "OTT_Platform",
            "summarizeBy": "none",
            "annotations": [
              {
                "name": "SummarizationSetBy",
                "value": "Automatic"
              }
            ]
          },
          {
            "name": "Year",
            "dataType": "string",
            "sourceColumn": "Year",
            "sourceProviderType": "varchar",
            "sourceLineageTag": "Year",
            "summarizeBy": "none",
            "annotations": [
              {
                "name": "SummarizationSetBy",
                "value": "Automatic"
              }
            ]
          },
          {
            "name": "Month",
            "dataType": "string",
            "sourceColumn": "Month",
            "sourceProviderType": "varchar",
            "sourceLineageTag": "Month",
            "summarizeBy": "none",
            "annotations": [
              {
                "name": "SummarizationSetBy",
                "value": "Automatic"
              }
            ]
          },
          {
            "name": "Month_Name",
            "dataType": "string",
            "sourceColumn": "Month_Name",
            "sourceProviderType": "varchar",
            "sourceLineageTag": "Month_Name",
            "summarizeBy": "none",
            "annotations": [
              {
                "name": "SummarizationSetBy",
                "value": "Automatic"
              }
            ]
          },
          {
            "name": "Week_Name",
            "dataType": "string",
            "sourceColumn": "Week_Name",
            "sourceProviderType": "varchar",
            "sourceLineageTag": "Week_Name",
            "summarizeBy": "none",
            "annotations": [
              {
                "name": "SummarizationSetBy",
                "value": "Automatic"
              }
            ]
          }
        ],
        "partitions": [
          {
            "name": "{{Partition_Name}}",
            "mode": "directLake",
            "source": {
              "type": "entity",
              "entityName": "Sandalwood",
              "expressionSource": "DatabaseQuery",
              "schemaName": "IndianBO"
            }
          }
        ],
        "annotations": [
          {
            "name": "IsTableInBiModel",
            "value": "False"
          }
        ]
      },
      {
        "name": "Tollywood(1)",
        "sourceLineageTag": "[IndianBO].[Tollywood]",
        "columns": [
          {
            "name": "FilmID",
            "dataType": "string",
            "sourceColumn": "FilmID",
            "sourceProviderType": "varchar",
            "sourceLineageTag": "FilmID",
            "summarizeBy": "none",
            "annotations": [
              {
                "name": "SummarizationSetBy",
                "value": "Automatic"
              }
            ]
          },
          {
            "name": "Title",
            "dataType": "string",
            "sourceColumn": "Title",
            "sourceProviderType": "varchar",
            "sourceLineageTag": "Title",
            "summarizeBy": "none",
            "annotations": [
              {
                "name": "SummarizationSetBy",
                "value": "Automatic"
              }
            ]
          },
          {
            "name": "Release_Date",
            "dataType": "string",
            "sourceColumn": "Release_Date",
            "sourceProviderType": "varchar",
            "sourceLineageTag": "Release_Date",
            "summarizeBy": "none",
            "annotations": [
              {
                "name": "SummarizationSetBy",
                "value": "Automatic"
              }
            ]
          },
          {
            "name": "DirectorID",
            "dataType": "string",
            "sourceColumn": "DirectorID",
            "sourceProviderType": "varchar",
            "sourceLineageTag": "DirectorID",
            "summarizeBy": "none",
            "annotations": [
              {
                "name": "SummarizationSetBy",
                "value": "Automatic"
              }
            ]
          },
          {
            "name": "Lead_Actor_Actress",
            "dataType": "string",
            "sourceColumn": "Lead_Actor_Actress",
            "sourceProviderType": "varchar",
            "sourceLineageTag": "Lead_Actor_Actress",
            "summarizeBy": "none",
            "annotations": [
              {
                "name": "SummarizationSetBy",
                "value": "Automatic"
              }
            ]
          },
          {
            "name": "LanguageID",
            "dataType": "string",
            "sourceColumn": "LanguageID",
            "sourceProviderType": "varchar",
            "sourceLineageTag": "LanguageID",
            "summarizeBy": "none",
            "annotations": [
              {
                "name": "SummarizationSetBy",
                "value": "Automatic"
              }
            ]
          },
          {
            "name": "Industry",
            "dataType": "string",
            "sourceColumn": "Industry",
            "sourceProviderType": "varchar",
            "sourceLineageTag": "Industry",
            "summarizeBy": "none",
            "annotations": [
              {
                "name": "SummarizationSetBy",
                "value": "Automatic"
              }
            ]
          },
          {
            "name": "GenreID",
            "dataType": "string",
            "sourceColumn": "GenreID",
            "sourceProviderType": "varchar",
            "sourceLineageTag": "GenreID",
            "summarizeBy": "none",
            "annotations": [
              {
                "name": "SummarizationSetBy",
                "value": "Automatic"
              }
            ]
          },
          {
            "name": "Budget",
            "dataType": "string",
            "sourceColumn": "Budget",
            "sourceProviderType": "varchar",
            "sourceLineageTag": "Budget",
            "summarizeBy": "none",
            "annotations": [
              {
                "name": "SummarizationSetBy",
                "value": "Automatic"
              }
            ]
          },
          {
            "name": "First_Day_Collection_Worldwide",
            "dataType": "string",
            "sourceColumn": "First_Day_Collection_Worldwide",
            "sourceProviderType": "varchar",
            "sourceLineageTag": "First_Day_Collection_Worldwide",
            "summarizeBy": "none",
            "annotations": [
              {
                "name": "SummarizationSetBy",
                "value": "Automatic"
              }
            ]
          },
          {
            "name": "Worldwide_Collection_in_Crores",
            "dataType": "string",
            "sourceColumn": "Worldwide_Collection_in_Crores",
            "sourceProviderType": "varchar",
            "sourceLineageTag": "Worldwide_Collection_in_Crores",
            "summarizeBy": "none",
            "annotations": [
              {
                "name": "SummarizationSetBy",
                "value": "Automatic"
              }
            ]
          },
          {
            "name": "Overseas_Collection",
            "dataType": "string",
            "sourceColumn": "Overseas_Collection",
            "sourceProviderType": "varchar",
            "sourceLineageTag": "Overseas_Collection",
            "summarizeBy": "none",
            "annotations": [
              {
                "name": "SummarizationSetBy",
                "value": "Automatic"
              }
            ]
          },
          {
            "name": "India_Gross_Collection",
            "dataType": "string",
            "sourceColumn": "India_Gross_Collection",
            "sourceProviderType": "varchar",
            "sourceLineageTag": "India_Gross_Collection",
            "summarizeBy": "none",
            "annotations": [
              {
                "name": "SummarizationSetBy",
                "value": "Automatic"
              }
            ]
          },
          {
            "name": "Verdict",
            "dataType": "string",
            "sourceColumn": "Verdict",
            "sourceProviderType": "varchar",
            "sourceLineageTag": "Verdict",
            "summarizeBy": "none",
            "annotations": [
              {
                "name": "SummarizationSetBy",
                "value": "Automatic"
              }
            ]
          },
          {
            "name": "IMDb_Rating",
            "dataType": "string",
            "sourceColumn": "IMDb_Rating",
            "sourceProviderType": "varchar",
            "sourceLineageTag": "IMDb_Rating",
            "summarizeBy": "none",
            "annotations": [
              {
                "name": "SummarizationSetBy",
                "value": "Automatic"
              }
            ]
          },
          {
            "name": "Runtime_mins",
            "dataType": "string",
            "sourceColumn": "Runtime_mins",
            "sourceProviderType": "varchar",
            "sourceLineageTag": "Runtime_mins",
            "summarizeBy": "none",
            "annotations": [
              {
                "name": "SummarizationSetBy",
                "value": "Automatic"
              }
            ]
          },
          {
            "name": "OTT_Platform",
            "dataType": "string",
            "sourceColumn": "OTT_Platform",
            "sourceProviderType": "varchar",
            "sourceLineageTag": "OTT_Platform",
            "summarizeBy": "none",
            "annotations": [
              {
                "name": "SummarizationSetBy",
                "value": "Automatic"
              }
            ]
          },
          {
            "name": "Year",
            "dataType": "string",
            "sourceColumn": "Year",
            "sourceProviderType": "varchar",
            "sourceLineageTag": "Year",
            "summarizeBy": "none",
            "annotations": [
              {
                "name": "SummarizationSetBy",
                "value": "Automatic"
              }
            ]
          },
          {
            "name": "Month",
            "dataType": "string",
            "sourceColumn": "Month",
            "sourceProviderType": "varchar",
            "sourceLineageTag": "Month",
            "summarizeBy": "none",
            "annotations": [
              {
                "name": "SummarizationSetBy",
                "value": "Automatic"
              }
            ]
          },
          {
            "name": "Month_Name",
            "dataType": "string",
            "sourceColumn": "Month_Name",
            "sourceProviderType": "varchar",
            "sourceLineageTag": "Month_Name",
            "summarizeBy": "none",
            "annotations": [
              {
                "name": "SummarizationSetBy",
                "value": "Automatic"
              }
            ]
          },
          {
            "name": "Week_Name",
            "dataType": "string",
            "sourceColumn": "Week_Name",
            "sourceProviderType": "varchar",
            "sourceLineageTag": "Week_Name",
            "summarizeBy": "none",
            "annotations": [
              {
                "name": "SummarizationSetBy",
                "value": "Automatic"
              }
            ]
          }
        ],
        "partitions": [
          {
            "name": "{{Partition_Name}}",
            "mode": "directLake",
            "source": {
              "type": "entity",
              "entityName": "Tollywood",
              "expressionSource": "DatabaseQuery",
              "schemaName": "IndianBO"
            }
          }
        ],
        "annotations": [
          {
            "name": "IsTableInBiModel",
            "value": "False"
          }
        ]
      },
      {
        "name": "Bollywood",
        "sourceLineageTag": "[Movies].[Bollywood]",
        "columns": [
          {
            "name": "FilmID",
            "dataType": "int64",
            "sourceColumn": "FilmID",
            "formatString": "0",
            "sourceProviderType": "int",
            "sourceLineageTag": "FilmID",
            "summarizeBy": "sum",
            "annotations": [
              {
                "name": "SummarizationSetBy",
                "value": "Automatic"
              }
            ]
          },
          {
            "name": "Title",
            "dataType": "string",
            "sourceColumn": "Title",
            "sourceProviderType": "varchar",
            "sourceLineageTag": "Title",
            "summarizeBy": "none",
            "annotations": [
              {
                "name": "SummarizationSetBy",
                "value": "Automatic"
              }
            ]
          },
          {
            "name": "Release_Date",
            "dataType": "dateTime",
            "sourceColumn": "Release_Date",
            "formatString": "General Date",
            "sourceProviderType": "datetime2",
            "sourceLineageTag": "Release_Date",
            "summarizeBy": "none",
            "annotations": [
              {
                "name": "SummarizationSetBy",
                "value": "Automatic"
              }
            ]
          },
          {
            "name": "DirectorID",
            "dataType": "int64",
            "sourceColumn": "DirectorID",
            "formatString": "0",
            "sourceProviderType": "int",
            "sourceLineageTag": "DirectorID",
            "summarizeBy": "sum",
            "annotations": [
              {
                "name": "SummarizationSetBy",
                "value": "Automatic"
              }
            ]
          },
          {
            "name": "Lead_Actor_Actress",
            "dataType": "string",
            "sourceColumn": "Lead_Actor_Actress",
            "sourceProviderType": "varchar",
            "sourceLineageTag": "Lead_Actor_Actress",
            "summarizeBy": "none",
            "annotations": [
              {
                "name": "SummarizationSetBy",
                "value": "Automatic"
              }
            ]
          },
          {
            "name": "LanguageID",
            "dataType": "int64",
            "sourceColumn": "LanguageID",
            "formatString": "0",
            "sourceProviderType": "int",
            "sourceLineageTag": "LanguageID",
            "summarizeBy": "sum",
            "annotations": [
              {
                "name": "SummarizationSetBy",
                "value": "Automatic"
              }
            ]
          },
          {
            "name": "Industry",
            "dataType": "string",
            "sourceColumn": "Industry",
            "sourceProviderType": "varchar",
            "sourceLineageTag": "Industry",
            "summarizeBy": "none",
            "annotations": [
              {
                "name": "SummarizationSetBy",
                "value": "Automatic"
              }
            ]
          },
          {
            "name": "GenreID",
            "dataType": "int64",
            "sourceColumn": "GenreID",
            "formatString": "0",
            "sourceProviderType": "int",
            "sourceLineageTag": "GenreID",
            "summarizeBy": "sum",
            "annotations": [
              {
                "name": "SummarizationSetBy",
                "value": "Automatic"
              }
            ]
          },
          {
            "name": "Budget",
            "dataType": "double",
            "sourceColumn": "Budget",
            "sourceProviderType": "float",
            "sourceLineageTag": "Budget",
            "summarizeBy": "sum",
            "annotations": [
              {
                "name": "SummarizationSetBy",
                "value": "Automatic"
              },
              {
                "name": "PBI_FormatHint",
                "value": "{\"isGeneralNumber\":true}"
              }
            ]
          },
          {
            "name": "First_Day_Collection_Worldwide",
            "dataType": "double",
            "sourceColumn": "First_Day_Collection_Worldwide",
            "sourceProviderType": "float",
            "sourceLineageTag": "First_Day_Collection_Worldwide",
            "summarizeBy": "sum",
            "annotations": [
              {
                "name": "SummarizationSetBy",
                "value": "Automatic"
              },
              {
                "name": "PBI_FormatHint",
                "value": "{\"isGeneralNumber\":true}"
              }
            ]
          },
          {
            "name": "Worldwide_Collection_in_Crores",
            "dataType": "double",
            "sourceColumn": "Worldwide_Collection_in_Crores",
            "sourceProviderType": "float",
            "sourceLineageTag": "Worldwide_Collection_in_Crores",
            "summarizeBy": "sum",
            "annotations": [
              {
                "name": "SummarizationSetBy",
                "value": "Automatic"
              },
              {
                "name": "PBI_FormatHint",
                "value": "{\"isGeneralNumber\":true}"
              }
            ]
          },
          {
            "name": "Overseas_Collection",
            "dataType": "double",
            "sourceColumn": "Overseas_Collection",
            "sourceProviderType": "float",
            "sourceLineageTag": "Overseas_Collection",
            "summarizeBy": "sum",
            "annotations": [
              {
                "name": "SummarizationSetBy",
                "value": "Automatic"
              },
              {
                "name": "PBI_FormatHint",
                "value": "{\"isGeneralNumber\":true}"
              }
            ]
          },
          {
            "name": "India_Gross_Collection",
            "dataType": "double",
            "sourceColumn": "India_Gross_Collection",
            "sourceProviderType": "float",
            "sourceLineageTag": "India_Gross_Collection",
            "summarizeBy": "sum",
            "annotations": [
              {
                "name": "SummarizationSetBy",
                "value": "Automatic"
              },
              {
                "name": "PBI_FormatHint",
                "value": "{\"isGeneralNumber\":true}"
              }
            ]
          },
          {
            "name": "Verdict",
            "dataType": "string",
            "sourceColumn": "Verdict",
            "sourceProviderType": "varchar",
            "sourceLineageTag": "Verdict",
            "summarizeBy": "none",
            "annotations": [
              {
                "name": "SummarizationSetBy",
                "value": "Automatic"
              }
            ]
          },
          {
            "name": "IMDb_Rating",
            "dataType": "double",
            "sourceColumn": "IMDb_Rating",
            "sourceProviderType": "float",
            "sourceLineageTag": "IMDb_Rating",
            "summarizeBy": "sum",
            "annotations": [
              {
                "name": "SummarizationSetBy",
                "value": "Automatic"
              },
              {
                "name": "PBI_FormatHint",
                "value": "{\"isGeneralNumber\":true}"
              }
            ]
          },
          {
            "name": "Runtime_mins",
            "dataType": "int64",
            "sourceColumn": "Runtime_mins",
            "formatString": "0",
            "sourceProviderType": "int",
            "sourceLineageTag": "Runtime_mins",
            "summarizeBy": "sum",
            "annotations": [
              {
                "name": "SummarizationSetBy",
                "value": "Automatic"
              }
            ]
          },
          {
            "name": "OTT_Platform",
            "dataType": "string",
            "sourceColumn": "OTT_Platform",
            "sourceProviderType": "varchar",
            "sourceLineageTag": "OTT_Platform",
            "summarizeBy": "none",
            "annotations": [
              {
                "name": "SummarizationSetBy",
                "value": "Automatic"
              }
            ]
          },
          {
            "name": "Year",
            "dataType": "int64",
            "sourceColumn": "Year",
            "formatString": "0",
            "sourceProviderType": "int",
            "sourceLineageTag": "Year",
            "summarizeBy": "sum",
            "annotations": [
              {
                "name": "SummarizationSetBy",
                "value": "Automatic"
              }
            ]
          },
          {
            "name": "Month",
            "dataType": "int64",
            "sourceColumn": "Month",
            "formatString": "0",
            "sourceProviderType": "int",
            "sourceLineageTag": "Month",
            "summarizeBy": "sum",
            "annotations": [
              {
                "name": "SummarizationSetBy",
                "value": "Automatic"
              }
            ]
          },
          {
            "name": "Month_Name",
            "dataType": "string",
            "sourceColumn": "Month_Name",
            "sourceProviderType": "varchar",
            "sourceLineageTag": "Month_Name",
            "summarizeBy": "none",
            "annotations": [
              {
                "name": "SummarizationSetBy",
                "value": "Automatic"
              }
            ]
          },
          {
            "name": "Week_Name",
            "dataType": "string",
            "sourceColumn": "Week_Name",
            "sourceProviderType": "varchar",
            "sourceLineageTag": "Week_Name",
            "summarizeBy": "none",
            "annotations": [
              {
                "name": "SummarizationSetBy",
                "value": "Automatic"
              }
            ]
          }
        ],
        "partitions": [
          {
            "name": "{{Partition_Name}}",
            "mode": "directLake",
            "source": {
              "type": "entity",
              "entityName": "Bollywood",
              "expressionSource": "DatabaseQuery",
              "schemaName": "Movies"
            }
          }
        ],
        "annotations": [
          {
            "name": "IsTableInBiModel",
            "value": "False"
          }
        ]
      },
      {
        "name": "Kollywood",
        "sourceLineageTag": "[Movies].[Kollywood]",
        "columns": [
          {
            "name": "FilmID",
            "dataType": "int64",
            "sourceColumn": "FilmID",
            "formatString": "0",
            "sourceProviderType": "int",
            "sourceLineageTag": "FilmID",
            "summarizeBy": "sum",
            "annotations": [
              {
                "name": "SummarizationSetBy",
                "value": "Automatic"
              }
            ]
          },
          {
            "name": "Title",
            "dataType": "string",
            "sourceColumn": "Title",
            "sourceProviderType": "varchar",
            "sourceLineageTag": "Title",
            "summarizeBy": "none",
            "annotations": [
              {
                "name": "SummarizationSetBy",
                "value": "Automatic"
              }
            ]
          },
          {
            "name": "Release_Date",
            "dataType": "dateTime",
            "sourceColumn": "Release_Date",
            "formatString": "General Date",
            "sourceProviderType": "datetime2",
            "sourceLineageTag": "Release_Date",
            "summarizeBy": "none",
            "annotations": [
              {
                "name": "SummarizationSetBy",
                "value": "Automatic"
              }
            ]
          },
          {
            "name": "DirectorID",
            "dataType": "int64",
            "sourceColumn": "DirectorID",
            "formatString": "0",
            "sourceProviderType": "int",
            "sourceLineageTag": "DirectorID",
            "summarizeBy": "sum",
            "annotations": [
              {
                "name": "SummarizationSetBy",
                "value": "Automatic"
              }
            ]
          },
          {
            "name": "Lead_Actor_Actress",
            "dataType": "string",
            "sourceColumn": "Lead_Actor_Actress",
            "sourceProviderType": "varchar",
            "sourceLineageTag": "Lead_Actor_Actress",
            "summarizeBy": "none",
            "annotations": [
              {
                "name": "SummarizationSetBy",
                "value": "Automatic"
              }
            ]
          },
          {
            "name": "LanguageID",
            "dataType": "int64",
            "sourceColumn": "LanguageID",
            "formatString": "0",
            "sourceProviderType": "int",
            "sourceLineageTag": "LanguageID",
            "summarizeBy": "sum",
            "annotations": [
              {
                "name": "SummarizationSetBy",
                "value": "Automatic"
              }
            ]
          },
          {
            "name": "Industry",
            "dataType": "string",
            "sourceColumn": "Industry",
            "sourceProviderType": "varchar",
            "sourceLineageTag": "Industry",
            "summarizeBy": "none",
            "annotations": [
              {
                "name": "SummarizationSetBy",
                "value": "Automatic"
              }
            ]
          },
          {
            "name": "GenreID",
            "dataType": "int64",
            "sourceColumn": "GenreID",
            "formatString": "0",
            "sourceProviderType": "int",
            "sourceLineageTag": "GenreID",
            "summarizeBy": "sum",
            "annotations": [
              {
                "name": "SummarizationSetBy",
                "value": "Automatic"
              }
            ]
          },
          {
            "name": "Budget",
            "dataType": "double",
            "sourceColumn": "Budget",
            "sourceProviderType": "float",
            "sourceLineageTag": "Budget",
            "summarizeBy": "sum",
            "annotations": [
              {
                "name": "SummarizationSetBy",
                "value": "Automatic"
              },
              {
                "name": "PBI_FormatHint",
                "value": "{\"isGeneralNumber\":true}"
              }
            ]
          },
          {
            "name": "First_Day_Collection_Worldwide",
            "dataType": "double",
            "sourceColumn": "First_Day_Collection_Worldwide",
            "sourceProviderType": "float",
            "sourceLineageTag": "First_Day_Collection_Worldwide",
            "summarizeBy": "sum",
            "annotations": [
              {
                "name": "SummarizationSetBy",
                "value": "Automatic"
              },
              {
                "name": "PBI_FormatHint",
                "value": "{\"isGeneralNumber\":true}"
              }
            ]
          },
          {
            "name": "Worldwide_Collection_in_Crores",
            "dataType": "double",
            "sourceColumn": "Worldwide_Collection_in_Crores",
            "sourceProviderType": "float",
            "sourceLineageTag": "Worldwide_Collection_in_Crores",
            "summarizeBy": "sum",
            "annotations": [
              {
                "name": "SummarizationSetBy",
                "value": "Automatic"
              },
              {
                "name": "PBI_FormatHint",
                "value": "{\"isGeneralNumber\":true}"
              }
            ]
          },
          {
            "name": "Overseas_Collection",
            "dataType": "double",
            "sourceColumn": "Overseas_Collection",
            "sourceProviderType": "float",
            "sourceLineageTag": "Overseas_Collection",
            "summarizeBy": "sum",
            "annotations": [
              {
                "name": "SummarizationSetBy",
                "value": "Automatic"
              },
              {
                "name": "PBI_FormatHint",
                "value": "{\"isGeneralNumber\":true}"
              }
            ]
          },
          {
            "name": "India_Gross_Collection",
            "dataType": "double",
            "sourceColumn": "India_Gross_Collection",
            "sourceProviderType": "float",
            "sourceLineageTag": "India_Gross_Collection",
            "summarizeBy": "sum",
            "annotations": [
              {
                "name": "SummarizationSetBy",
                "value": "Automatic"
              },
              {
                "name": "PBI_FormatHint",
                "value": "{\"isGeneralNumber\":true}"
              }
            ]
          },
          {
            "name": "Verdict",
            "dataType": "string",
            "sourceColumn": "Verdict",
            "sourceProviderType": "varchar",
            "sourceLineageTag": "Verdict",
            "summarizeBy": "none",
            "annotations": [
              {
                "name": "SummarizationSetBy",
                "value": "Automatic"
              }
            ]
          },
          {
            "name": "IMDb_Rating",
            "dataType": "double",
            "sourceColumn": "IMDb_Rating",
            "sourceProviderType": "float",
            "sourceLineageTag": "IMDb_Rating",
            "summarizeBy": "sum",
            "annotations": [
              {
                "name": "SummarizationSetBy",
                "value": "Automatic"
              },
              {
                "name": "PBI_FormatHint",
                "value": "{\"isGeneralNumber\":true}"
              }
            ]
          },
          {
            "name": "Runtime_mins",
            "dataType": "int64",
            "sourceColumn": "Runtime_mins",
            "formatString": "0",
            "sourceProviderType": "int",
            "sourceLineageTag": "Runtime_mins",
            "summarizeBy": "sum",
            "annotations": [
              {
                "name": "SummarizationSetBy",
                "value": "Automatic"
              }
            ]
          },
          {
            "name": "OTT_Platform",
            "dataType": "string",
            "sourceColumn": "OTT_Platform",
            "sourceProviderType": "varchar",
            "sourceLineageTag": "OTT_Platform",
            "summarizeBy": "none",
            "annotations": [
              {
                "name": "SummarizationSetBy",
                "value": "Automatic"
              }
            ]
          },
          {
            "name": "Year",
            "dataType": "int64",
            "sourceColumn": "Year",
            "formatString": "0",
            "sourceProviderType": "int",
            "sourceLineageTag": "Year",
            "summarizeBy": "sum",
            "annotations": [
              {
                "name": "SummarizationSetBy",
                "value": "Automatic"
              }
            ]
          },
          {
            "name": "Month",
            "dataType": "int64",
            "sourceColumn": "Month",
            "formatString": "0",
            "sourceProviderType": "int",
            "sourceLineageTag": "Month",
            "summarizeBy": "sum",
            "annotations": [
              {
                "name": "SummarizationSetBy",
                "value": "Automatic"
              }
            ]
          },
          {
            "name": "Month_Name",
            "dataType": "string",
            "sourceColumn": "Month_Name",
            "sourceProviderType": "varchar",
            "sourceLineageTag": "Month_Name",
            "summarizeBy": "none",
            "annotations": [
              {
                "name": "SummarizationSetBy",
                "value": "Automatic"
              }
            ]
          },
          {
            "name": "Week_Name",
            "dataType": "string",
            "sourceColumn": "Week_Name",
            "sourceProviderType": "varchar",
            "sourceLineageTag": "Week_Name",
            "summarizeBy": "none",
            "annotations": [
              {
                "name": "SummarizationSetBy",
                "value": "Automatic"
              }
            ]
          }
        ],
        "partitions": [
          {
            "name": "{{Partition_Name}}",
            "mode": "directLake",
            "source": {
              "type": "entity",
              "entityName": "Kollywood",
              "expressionSource": "DatabaseQuery",
              "schemaName": "Movies"
            }
          }
        ],
        "annotations": [
          {
            "name": "IsTableInBiModel",
            "value": "False"
          }
        ]
      },
      {
        "name": "Sandalwood",
        "sourceLineageTag": "[Movies].[Sandalwood]",
        "columns": [
          {
            "name": "FilmID",
            "dataType": "int64",
            "sourceColumn": "FilmID",
            "formatString": "0",
            "sourceProviderType": "int",
            "sourceLineageTag": "FilmID",
            "summarizeBy": "sum",
            "annotations": [
              {
                "name": "SummarizationSetBy",
                "value": "Automatic"
              }
            ]
          },
          {
            "name": "Title",
            "dataType": "string",
            "sourceColumn": "Title",
            "sourceProviderType": "varchar",
            "sourceLineageTag": "Title",
            "summarizeBy": "none",
            "annotations": [
              {
                "name": "SummarizationSetBy",
                "value": "Automatic"
              }
            ]
          },
          {
            "name": "Release_Date",
            "dataType": "dateTime",
            "sourceColumn": "Release_Date",
            "formatString": "General Date",
            "sourceProviderType": "datetime2",
            "sourceLineageTag": "Release_Date",
            "summarizeBy": "none",
            "annotations": [
              {
                "name": "SummarizationSetBy",
                "value": "Automatic"
              }
            ]
          },
          {
            "name": "DirectorID",
            "dataType": "int64",
            "sourceColumn": "DirectorID",
            "formatString": "0",
            "sourceProviderType": "int",
            "sourceLineageTag": "DirectorID",
            "summarizeBy": "sum",
            "annotations": [
              {
                "name": "SummarizationSetBy",
                "value": "Automatic"
              }
            ]
          },
          {
            "name": "Lead_Actor_Actress",
            "dataType": "string",
            "sourceColumn": "Lead_Actor_Actress",
            "sourceProviderType": "varchar",
            "sourceLineageTag": "Lead_Actor_Actress",
            "summarizeBy": "none",
            "annotations": [
              {
                "name": "SummarizationSetBy",
                "value": "Automatic"
              }
            ]
          },
          {
            "name": "LanguageID",
            "dataType": "int64",
            "sourceColumn": "LanguageID",
            "formatString": "0",
            "sourceProviderType": "int",
            "sourceLineageTag": "LanguageID",
            "summarizeBy": "sum",
            "annotations": [
              {
                "name": "SummarizationSetBy",
                "value": "Automatic"
              }
            ]
          },
          {
            "name": "Industry",
            "dataType": "string",
            "sourceColumn": "Industry",
            "sourceProviderType": "varchar",
            "sourceLineageTag": "Industry",
            "summarizeBy": "none",
            "annotations": [
              {
                "name": "SummarizationSetBy",
                "value": "Automatic"
              }
            ]
          },
          {
            "name": "GenreID",
            "dataType": "int64",
            "sourceColumn": "GenreID",
            "formatString": "0",
            "sourceProviderType": "int",
            "sourceLineageTag": "GenreID",
            "summarizeBy": "sum",
            "annotations": [
              {
                "name": "SummarizationSetBy",
                "value": "Automatic"
              }
            ]
          },
          {
            "name": "Budget",
            "dataType": "double",
            "sourceColumn": "Budget",
            "sourceProviderType": "float",
            "sourceLineageTag": "Budget",
            "summarizeBy": "sum",
            "annotations": [
              {
                "name": "SummarizationSetBy",
                "value": "Automatic"
              },
              {
                "name": "PBI_FormatHint",
                "value": "{\"isGeneralNumber\":true}"
              }
            ]
          },
          {
            "name": "First_Day_Collection_Worldwide",
            "dataType": "double",
            "sourceColumn": "First_Day_Collection_Worldwide",
            "sourceProviderType": "float",
            "sourceLineageTag": "First_Day_Collection_Worldwide",
            "summarizeBy": "sum",
            "annotations": [
              {
                "name": "SummarizationSetBy",
                "value": "Automatic"
              },
              {
                "name": "PBI_FormatHint",
                "value": "{\"isGeneralNumber\":true}"
              }
            ]
          },
          {
            "name": "Worldwide_Collection_in_Crores",
            "dataType": "double",
            "sourceColumn": "Worldwide_Collection_in_Crores",
            "sourceProviderType": "float",
            "sourceLineageTag": "Worldwide_Collection_in_Crores",
            "summarizeBy": "sum",
            "annotations": [
              {
                "name": "SummarizationSetBy",
                "value": "Automatic"
              },
              {
                "name": "PBI_FormatHint",
                "value": "{\"isGeneralNumber\":true}"
              }
            ]
          },
          {
            "name": "Overseas_Collection",
            "dataType": "double",
            "sourceColumn": "Overseas_Collection",
            "sourceProviderType": "float",
            "sourceLineageTag": "Overseas_Collection",
            "summarizeBy": "sum",
            "annotations": [
              {
                "name": "SummarizationSetBy",
                "value": "Automatic"
              },
              {
                "name": "PBI_FormatHint",
                "value": "{\"isGeneralNumber\":true}"
              }
            ]
          },
          {
            "name": "India_Gross_Collection",
            "dataType": "double",
            "sourceColumn": "India_Gross_Collection",
            "sourceProviderType": "float",
            "sourceLineageTag": "India_Gross_Collection",
            "summarizeBy": "sum",
            "annotations": [
              {
                "name": "SummarizationSetBy",
                "value": "Automatic"
              },
              {
                "name": "PBI_FormatHint",
                "value": "{\"isGeneralNumber\":true}"
              }
            ]
          },
          {
            "name": "Verdict",
            "dataType": "string",
            "sourceColumn": "Verdict",
            "sourceProviderType": "varchar",
            "sourceLineageTag": "Verdict",
            "summarizeBy": "none",
            "annotations": [
              {
                "name": "SummarizationSetBy",
                "value": "Automatic"
              }
            ]
          },
          {
            "name": "IMDb_Rating",
            "dataType": "double",
            "sourceColumn": "IMDb_Rating",
            "sourceProviderType": "float",
            "sourceLineageTag": "IMDb_Rating",
            "summarizeBy": "sum",
            "annotations": [
              {
                "name": "SummarizationSetBy",
                "value": "Automatic"
              },
              {
                "name": "PBI_FormatHint",
                "value": "{\"isGeneralNumber\":true}"
              }
            ]
          },
          {
            "name": "Runtime_mins",
            "dataType": "int64",
            "sourceColumn": "Runtime_mins",
            "formatString": "0",
            "sourceProviderType": "int",
            "sourceLineageTag": "Runtime_mins",
            "summarizeBy": "sum",
            "annotations": [
              {
                "name": "SummarizationSetBy",
                "value": "Automatic"
              }
            ]
          },
          {
            "name": "OTT_Platform",
            "dataType": "string",
            "sourceColumn": "OTT_Platform",
            "sourceProviderType": "varchar",
            "sourceLineageTag": "OTT_Platform",
            "summarizeBy": "none",
            "annotations": [
              {
                "name": "SummarizationSetBy",
                "value": "Automatic"
              }
            ]
          },
          {
            "name": "Year",
            "dataType": "int64",
            "sourceColumn": "Year",
            "formatString": "0",
            "sourceProviderType": "int",
            "sourceLineageTag": "Year",
            "summarizeBy": "sum",
            "annotations": [
              {
                "name": "SummarizationSetBy",
                "value": "Automatic"
              }
            ]
          },
          {
            "name": "Month",
            "dataType": "int64",
            "sourceColumn": "Month",
            "formatString": "0",
            "sourceProviderType": "int",
            "sourceLineageTag": "Month",
            "summarizeBy": "sum",
            "annotations": [
              {
                "name": "SummarizationSetBy",
                "value": "Automatic"
              }
            ]
          },
          {
            "name": "Month_Name",
            "dataType": "string",
            "sourceColumn": "Month_Name",
            "sourceProviderType": "varchar",
            "sourceLineageTag": "Month_Name",
            "summarizeBy": "none",
            "annotations": [
              {
                "name": "SummarizationSetBy",
                "value": "Automatic"
              }
            ]
          },
          {
            "name": "Week_Name",
            "dataType": "string",
            "sourceColumn": "Week_Name",
            "sourceProviderType": "varchar",
            "sourceLineageTag": "Week_Name",
            "summarizeBy": "none",
            "annotations": [
              {
                "name": "SummarizationSetBy",
                "value": "Automatic"
              }
            ]
          }
        ],
        "partitions": [
          {
            "name": "{{Partition_Name}}",
            "mode": "directLake",
            "source": {
              "type": "entity",
              "entityName": "Sandalwood",
              "expressionSource": "DatabaseQuery",
              "schemaName": "Movies"
            }
          }
        ],
        "annotations": [
          {
            "name": "IsTableInBiModel",
            "value": "False"
          }
        ]
      },
      {
        "name": "Tollywood",
        "sourceLineageTag": "[Movies].[Tollywood]",
        "columns": [
          {
            "name": "FilmID",
            "dataType": "int64",
            "sourceColumn": "FilmID",
            "formatString": "0",
            "sourceProviderType": "int",
            "sourceLineageTag": "FilmID",
            "summarizeBy": "sum",
            "annotations": [
              {
                "name": "SummarizationSetBy",
                "value": "Automatic"
              }
            ]
          },
          {
            "name": "Title",
            "dataType": "string",
            "sourceColumn": "Title",
            "sourceProviderType": "varchar",
            "sourceLineageTag": "Title",
            "summarizeBy": "none",
            "annotations": [
              {
                "name": "SummarizationSetBy",
                "value": "Automatic"
              }
            ]
          },
          {
            "name": "Release_Date",
            "dataType": "dateTime",
            "sourceColumn": "Release_Date",
            "formatString": "General Date",
            "sourceProviderType": "datetime2",
            "sourceLineageTag": "Release_Date",
            "summarizeBy": "none",
            "annotations": [
              {
                "name": "SummarizationSetBy",
                "value": "Automatic"
              }
            ]
          },
          {
            "name": "DirectorID",
            "dataType": "int64",
            "sourceColumn": "DirectorID",
            "formatString": "0",
            "sourceProviderType": "int",
            "sourceLineageTag": "DirectorID",
            "summarizeBy": "sum",
            "annotations": [
              {
                "name": "SummarizationSetBy",
                "value": "Automatic"
              }
            ]
          },
          {
            "name": "Lead_Actor_Actress",
            "dataType": "string",
            "sourceColumn": "Lead_Actor_Actress",
            "sourceProviderType": "varchar",
            "sourceLineageTag": "Lead_Actor_Actress",
            "summarizeBy": "none",
            "annotations": [
              {
                "name": "SummarizationSetBy",
                "value": "Automatic"
              }
            ]
          },
          {
            "name": "LanguageID",
            "dataType": "int64",
            "sourceColumn": "LanguageID",
            "formatString": "0",
            "sourceProviderType": "int",
            "sourceLineageTag": "LanguageID",
            "summarizeBy": "sum",
            "annotations": [
              {
                "name": "SummarizationSetBy",
                "value": "Automatic"
              }
            ]
          },
          {
            "name": "Industry",
            "dataType": "string",
            "sourceColumn": "Industry",
            "sourceProviderType": "varchar",
            "sourceLineageTag": "Industry",
            "summarizeBy": "none",
            "annotations": [
              {
                "name": "SummarizationSetBy",
                "value": "Automatic"
              }
            ]
          },
          {
            "name": "GenreID",
            "dataType": "int64",
            "sourceColumn": "GenreID",
            "formatString": "0",
            "sourceProviderType": "int",
            "sourceLineageTag": "GenreID",
            "summarizeBy": "sum",
            "annotations": [
              {
                "name": "SummarizationSetBy",
                "value": "Automatic"
              }
            ]
          },
          {
            "name": "Budget",
            "dataType": "double",
            "sourceColumn": "Budget",
            "sourceProviderType": "float",
            "sourceLineageTag": "Budget",
            "summarizeBy": "sum",
            "annotations": [
              {
                "name": "SummarizationSetBy",
                "value": "Automatic"
              },
              {
                "name": "PBI_FormatHint",
                "value": "{\"isGeneralNumber\":true}"
              }
            ]
          },
          {
            "name": "First_Day_Collection_Worldwide",
            "dataType": "double",
            "sourceColumn": "First_Day_Collection_Worldwide",
            "sourceProviderType": "float",
            "sourceLineageTag": "First_Day_Collection_Worldwide",
            "summarizeBy": "sum",
            "annotations": [
              {
                "name": "SummarizationSetBy",
                "value": "Automatic"
              },
              {
                "name": "PBI_FormatHint",
                "value": "{\"isGeneralNumber\":true}"
              }
            ]
          },
          {
            "name": "Worldwide_Collection_in_Crores",
            "dataType": "double",
            "sourceColumn": "Worldwide_Collection_in_Crores",
            "sourceProviderType": "float",
            "sourceLineageTag": "Worldwide_Collection_in_Crores",
            "summarizeBy": "sum",
            "annotations": [
              {
                "name": "SummarizationSetBy",
                "value": "Automatic"
              },
              {
                "name": "PBI_FormatHint",
                "value": "{\"isGeneralNumber\":true}"
              }
            ]
          },
          {
            "name": "Overseas_Collection",
            "dataType": "double",
            "sourceColumn": "Overseas_Collection",
            "sourceProviderType": "float",
            "sourceLineageTag": "Overseas_Collection",
            "summarizeBy": "sum",
            "annotations": [
              {
                "name": "SummarizationSetBy",
                "value": "Automatic"
              },
              {
                "name": "PBI_FormatHint",
                "value": "{\"isGeneralNumber\":true}"
              }
            ]
          },
          {
            "name": "India_Gross_Collection",
            "dataType": "double",
            "sourceColumn": "India_Gross_Collection",
            "sourceProviderType": "float",
            "sourceLineageTag": "India_Gross_Collection",
            "summarizeBy": "sum",
            "annotations": [
              {
                "name": "SummarizationSetBy",
                "value": "Automatic"
              },
              {
                "name": "PBI_FormatHint",
                "value": "{\"isGeneralNumber\":true}"
              }
            ]
          },
          {
            "name": "Verdict",
            "dataType": "string",
            "sourceColumn": "Verdict",
            "sourceProviderType": "varchar",
            "sourceLineageTag": "Verdict",
            "summarizeBy": "none",
            "annotations": [
              {
                "name": "SummarizationSetBy",
                "value": "Automatic"
              }
            ]
          },
          {
            "name": "IMDb_Rating",
            "dataType": "double",
            "sourceColumn": "IMDb_Rating",
            "sourceProviderType": "float",
            "sourceLineageTag": "IMDb_Rating",
            "summarizeBy": "sum",
            "annotations": [
              {
                "name": "SummarizationSetBy",
                "value": "Automatic"
              },
              {
                "name": "PBI_FormatHint",
                "value": "{\"isGeneralNumber\":true}"
              }
            ]
          },
          {
            "name": "Runtime_mins",
            "dataType": "int64",
            "sourceColumn": "Runtime_mins",
            "formatString": "0",
            "sourceProviderType": "int",
            "sourceLineageTag": "Runtime_mins",
            "summarizeBy": "sum",
            "annotations": [
              {
                "name": "SummarizationSetBy",
                "value": "Automatic"
              }
            ]
          },
          {
            "name": "OTT_Platform",
            "dataType": "string",
            "sourceColumn": "OTT_Platform",
            "sourceProviderType": "varchar",
            "sourceLineageTag": "OTT_Platform",
            "summarizeBy": "none",
            "annotations": [
              {
                "name": "SummarizationSetBy",
                "value": "Automatic"
              }
            ]
          },
          {
            "name": "Year",
            "dataType": "int64",
            "sourceColumn": "Year",
            "formatString": "0",
            "sourceProviderType": "int",
            "sourceLineageTag": "Year",
            "summarizeBy": "sum",
            "annotations": [
              {
                "name": "SummarizationSetBy",
                "value": "Automatic"
              }
            ]
          },
          {
            "name": "Month",
            "dataType": "int64",
            "sourceColumn": "Month",
            "formatString": "0",
            "sourceProviderType": "int",
            "sourceLineageTag": "Month",
            "summarizeBy": "sum",
            "annotations": [
              {
                "name": "SummarizationSetBy",
                "value": "Automatic"
              }
            ]
          },
          {
            "name": "Month_Name",
            "dataType": "string",
            "sourceColumn": "Month_Name",
            "sourceProviderType": "varchar",
            "sourceLineageTag": "Month_Name",
            "summarizeBy": "none",
            "annotations": [
              {
                "name": "SummarizationSetBy",
                "value": "Automatic"
              }
            ]
          },
          {
            "name": "Week_Name",
            "dataType": "string",
            "sourceColumn": "Week_Name",
            "sourceProviderType": "varchar",
            "sourceLineageTag": "Week_Name",
            "summarizeBy": "none",
            "annotations": [
              {
                "name": "SummarizationSetBy",
                "value": "Automatic"
              }
            ]
          }
        ],
        "partitions": [
          {
            "name": "{{Partition_Name}}",
            "mode": "directLake",
            "source": {
              "type": "entity",
              "entityName": "Tollywood",
              "expressionSource": "DatabaseQuery",
              "schemaName": "Movies"
            }
          }
        ],
        "annotations": [
          {
            "name": "IsTableInBiModel",
            "value": "False"
          }
        ]
      }
    ],
    "expressions": [
      {
        "name": "DatabaseQuery",
        "kind": "m",
        "expression": "let\n    database = {{TDS_Endpoint}}\nin\n    database\n"
      }
    ],
    "annotations": [
      {
        "name": "__PBI_TimeIntelligenceEnabled",
        "value": "0"
      },
      {
        "name": "SourceLineageTagType",
        "value": "DatabaseFullyQualifiedName"
      }
    ]
  }
}