{"$schema":"http://schema.management.azure.com/schemas/2015-01-01/deploymentTemplate.json#","contentVersion":"1.0.0.0","parameters":{"IndianBO_LH":{"type":"string"},"IndianBO_WH":{"type":"string"}},"variables":{},"resources":[{"name":"IndianBO_Pipeline","type":"pipelines","apiVersion":"2018-06-01","properties":{"activities":[{"name":"Get Metadata from IndianBO_LH Lakehouse","type":"GetMetadata","dependsOn":[],"policy":{"timeout":"0.12:00:00","retry":0,"retryIntervalInSeconds":30,"secureOutput":false,"secureInput":false},"typeProperties":{"fieldList":["childItems"],"datasetSettings":{"annotations":[],"linkedService":{"name":"IndianBO_LH","properties":{"annotations":[],"type":"Lakehouse","typeProperties":{"workspaceId":"f1629dcd-bdba-4303-8ccc-19fba0326523","artifactId":"[parameters('IndianBO_LH')]","rootFolder":"Files"}}},"type":"DelimitedText","typeProperties":{"location":{"type":"LakehouseLocation","folderPath":"Datasets"},"columnDelimiter":",","escapeChar":"\\","firstRowAsHeader":true,"quoteChar":"\""},"schema":[]},"storeSettings":{"type":"LakehouseReadSettings","recursive":true,"enablePartitionDiscovery":false},"formatSettings":{"type":"DelimitedTextReadSettings"}}},{"name":"Bollywood Filter","type":"Filter","dependsOn":[{"activity":"Get Metadata from IndianBO_LH Lakehouse","dependencyConditions":["Succeeded"]}],"typeProperties":{"items":{"value":"@activity('Get Metadata from IndianBO_LH Lakehouse').output.childItems","type":"Expression"},"condition":{"value":"@contains(item().name,'Bollywood')","type":"Expression"}}},{"name":"Bollywood ForEach","type":"ForEach","dependsOn":[{"activity":"Bollywood Filter","dependencyConditions":["Succeeded"]}],"typeProperties":{"items":{"value":"@activity('Bollywood Filter').output.value","type":"Expression"},"isSequential":true,"activities":[{"name":"Bollywood Copy data","type":"Copy","dependsOn":[],"policy":{"timeout":"0.12:00:00","retry":0,"retryIntervalInSeconds":30,"secureOutput":false,"secureInput":false},"typeProperties":{"source":{"type":"DelimitedTextSource","storeSettings":{"type":"LakehouseReadSettings","recursive":false,"enablePartitionDiscovery":false},"formatSettings":{"type":"DelimitedTextReadSettings"},"datasetSettings":{"annotations":[],"linkedService":{"name":"IndianBO_LH","properties":{"annotations":[],"type":"Lakehouse","typeProperties":{"workspaceId":"f1629dcd-bdba-4303-8ccc-19fba0326523","artifactId":"[parameters('IndianBO_LH')]","rootFolder":"Files"}}},"type":"DelimitedText","typeProperties":{"location":{"type":"LakehouseLocation","fileName":{"value":"@item().name","type":"Expression"},"folderPath":"Datasets"},"columnDelimiter":",","escapeChar":"\\","firstRowAsHeader":true,"quoteChar":"\""},"schema":[]}},"sink":{"type":"DataWarehouseSink","allowCopyCommand":true,"copyCommandSettings":{},"tableOption":"autoCreate","datasetSettings":{"annotations":[],"linkedService":{"name":"IndianBO_WH","properties":{"annotations":[],"type":"DataWarehouse","typeProperties":{"endpoint":"pazays4cnlnuzaof4dta7sjy7u-zwowf4n2xubuhdgmdh52amtfem.datawarehouse.fabric.microsoft.com","artifactId":"[parameters('IndianBO_WH')]","workspaceId":"f1629dcd-bdba-4303-8ccc-19fba0326523"}}},"type":"DataWarehouseTable","schema":[],"typeProperties":{"schema":"IndianBO","table":"Bollywood"}}},"enableStaging":true,"translator":{"type":"TabularTranslator","mappings":[{"source":{"name":"FilmID","type":"Int32","physicalType":"integer"},"sink":{"name":"FilmID","physicalType":"varchar","length":"8000"}},{"source":{"name":"Title","type":"String","physicalType":"string"},"sink":{"name":"Title","physicalType":"varchar","length":"8000"}},{"source":{"name":"Release_Date","type":"String","physicalType":"string"},"sink":{"name":"Release_Date","physicalType":"varchar","length":"8000"}},{"source":{"name":"DirectorID","type":"Int32","physicalType":"integer"},"sink":{"name":"DirectorID","physicalType":"int"}},{"source":{"name":"Lead_Actor_Actress","type":"String","physicalType":"string"},"sink":{"name":"Lead_Actor_Actress","physicalType":"varchar","length":"8000"}},{"source":{"name":"LanguageID","type":"Int32","physicalType":"integer"},"sink":{"name":"LanguageID","physicalType":"int"}},{"source":{"name":"Industry","type":"String","physicalType":"string"},"sink":{"name":"Industry","physicalType":"varchar","length":"8000"}},{"source":{"name":"GenreID","type":"Int32","physicalType":"integer"},"sink":{"name":"GenreID","physicalType":"int"}},{"source":{"name":"Budget","type":"Double","physicalType":"double"},"sink":{"name":"Budget","physicalType":"float"}},{"source":{"name":"First_Day_Collection_Worldwide","type":"Double","physicalType":"double"},"sink":{"name":"First_Day_Collection_Worldwide","physicalType":"float"}},{"source":{"name":"Worldwide_Collection_in_Crores","type":"Double","physicalType":"double"},"sink":{"name":"Worldwide_Collection_in_Crores","physicalType":"float"}},{"source":{"name":"Overseas_Collection","type":"Double","physicalType":"double"},"sink":{"name":"Overseas_Collection","physicalType":"float"}},{"source":{"name":"India_Gross_Collection","type":"Double","physicalType":"double"},"sink":{"name":"India_Gross_Collection","physicalType":"float"}},{"source":{"name":"Verdict","type":"String","physicalType":"string"},"sink":{"name":"Verdict","physicalType":"varchar","length":"8000"}},{"source":{"name":"IMDb_Rating","type":"Double","physicalType":"double"},"sink":{"name":"IMDb_Rating","physicalType":"float"}},{"source":{"name":"Runtime_mins","type":"Int32","physicalType":"integer"},"sink":{"name":"Runtime_mins","physicalType":"int"}},{"source":{"name":"OTT_Platform","type":"String","physicalType":"string"},"sink":{"name":"OTT_Platform","physicalType":"varchar","length":"8000"}},{"source":{"name":"Year","type":"Int32","physicalType":"integer"},"sink":{"name":"Year","physicalType":"varchar","length":"8000"}},{"source":{"name":"Month","type":"Int32","physicalType":"integer"},"sink":{"name":"Month","physicalType":"varchar","length":"8000"}},{"source":{"name":"Month_Name","type":"String","physicalType":"string"},"sink":{"name":"Month_Name","physicalType":"varchar","length":"8000"}},{"source":{"name":"Week_Name","type":"String","physicalType":"string"},"sink":{"name":"Week_Name","physicalType":"varchar","length":"8000"}}],"typeConversion":true,"typeConversionSettings":{"allowDataTruncation":false,"treatBooleanAsNumber":false}}}}]}},{"name":"Kollywood Filter","type":"Filter","dependsOn":[{"activity":"Get Metadata from IndianBO_LH Lakehouse","dependencyConditions":["Succeeded"]}],"typeProperties":{"items":{"value":"@activity('Get Metadata from IndianBO_LH Lakehouse').output.childItems","type":"Expression"},"condition":{"value":"@contains(item().name,'Kollywood')","type":"Expression"}}},{"name":"Kollywood ForEach","type":"ForEach","dependsOn":[{"activity":"Kollywood Filter","dependencyConditions":["Succeeded"]}],"typeProperties":{"items":{"value":"@activity('Kollywood Filter').output.value","type":"Expression"},"isSequential":true,"activities":[{"name":"Kollywood Copy data","type":"Copy","dependsOn":[],"policy":{"timeout":"0.12:00:00","retry":0,"retryIntervalInSeconds":30,"secureOutput":false,"secureInput":false},"typeProperties":{"source":{"type":"DelimitedTextSource","storeSettings":{"type":"LakehouseReadSettings","recursive":false,"enablePartitionDiscovery":false},"formatSettings":{"type":"DelimitedTextReadSettings"},"datasetSettings":{"annotations":[],"linkedService":{"name":"IndianBO_LH","properties":{"annotations":[],"type":"Lakehouse","typeProperties":{"workspaceId":"f1629dcd-bdba-4303-8ccc-19fba0326523","artifactId":"[parameters('IndianBO_LH')]","rootFolder":"Files"}}},"type":"DelimitedText","typeProperties":{"location":{"type":"LakehouseLocation","fileName":{"value":"@item().name","type":"Expression"},"folderPath":"Datasets"},"columnDelimiter":",","escapeChar":"\\","firstRowAsHeader":true,"quoteChar":"\""},"schema":[]}},"sink":{"type":"DataWarehouseSink","allowCopyCommand":true,"copyCommandSettings":{},"tableOption":"autoCreate","datasetSettings":{"annotations":[],"linkedService":{"name":"IndianBO_WH","properties":{"annotations":[],"type":"DataWarehouse","typeProperties":{"endpoint":"pazays4cnlnuzaof4dta7sjy7u-zwowf4n2xubuhdgmdh52amtfem.datawarehouse.fabric.microsoft.com","artifactId":"[parameters('IndianBO_WH')]","workspaceId":"f1629dcd-bdba-4303-8ccc-19fba0326523"}}},"type":"DataWarehouseTable","schema":[],"typeProperties":{"schema":"IndianBO","table":"Kollywood"}}},"enableStaging":true,"translator":{"type":"TabularTranslator","typeConversion":true,"typeConversionSettings":{"allowDataTruncation":true,"treatBooleanAsNumber":false}}}}]}},{"name":"Tollywood Filter","type":"Filter","dependsOn":[{"activity":"Get Metadata from IndianBO_LH Lakehouse","dependencyConditions":["Succeeded"]}],"typeProperties":{"items":{"value":"@activity('Get Metadata from IndianBO_LH Lakehouse').output.childItems","type":"Expression"},"condition":{"value":"@contains(item().name,'Tollywood')","type":"Expression"}}},{"name":"Tollywood ForEach","type":"ForEach","dependsOn":[{"activity":"Tollywood Filter","dependencyConditions":["Succeeded"]}],"typeProperties":{"items":{"value":"@activity('Tollywood Filter').output.value","type":"Expression"},"isSequential":true,"activities":[{"name":"Tollywood Copy data","type":"Copy","dependsOn":[],"policy":{"timeout":"0.12:00:00","retry":0,"retryIntervalInSeconds":30,"secureOutput":false,"secureInput":false},"typeProperties":{"source":{"type":"DelimitedTextSource","storeSettings":{"type":"LakehouseReadSettings","recursive":false,"enablePartitionDiscovery":false},"formatSettings":{"type":"DelimitedTextReadSettings"},"datasetSettings":{"annotations":[],"linkedService":{"name":"IndianBO_LH","properties":{"annotations":[],"type":"Lakehouse","typeProperties":{"workspaceId":"f1629dcd-bdba-4303-8ccc-19fba0326523","artifactId":"[parameters('IndianBO_LH')]","rootFolder":"Files"}}},"type":"DelimitedText","typeProperties":{"location":{"type":"LakehouseLocation","fileName":{"value":"@item().name","type":"Expression"},"folderPath":"Datasets"},"columnDelimiter":",","escapeChar":"\\","firstRowAsHeader":true,"quoteChar":"\""},"schema":[]}},"sink":{"type":"DataWarehouseSink","allowCopyCommand":true,"copyCommandSettings":{},"tableOption":"autoCreate","datasetSettings":{"annotations":[],"linkedService":{"name":"IndianBO_WH","properties":{"annotations":[],"type":"DataWarehouse","typeProperties":{"endpoint":"pazays4cnlnuzaof4dta7sjy7u-zwowf4n2xubuhdgmdh52amtfem.datawarehouse.fabric.microsoft.com","artifactId":"[parameters('IndianBO_WH')]","workspaceId":"f1629dcd-bdba-4303-8ccc-19fba0326523"}}},"type":"DataWarehouseTable","schema":[],"typeProperties":{"schema":"IndianBO","table":"Tollywood"}}},"enableStaging":true,"translator":{"type":"TabularTranslator","typeConversion":true,"typeConversionSettings":{"allowDataTruncation":true,"treatBooleanAsNumber":false}}}}]}},{"name":"Sandalwood Filter","type":"Filter","dependsOn":[{"activity":"Get Metadata from IndianBO_LH Lakehouse","dependencyConditions":["Succeeded"]}],"typeProperties":{"items":{"value":"@activity('Get Metadata from IndianBO_LH Lakehouse').output.childItems","type":"Expression"},"condition":{"value":"@contains(item().name,'Sandalwood')","type":"Expression"}}},{"name":"Sandalwood ForEach","type":"ForEach","dependsOn":[{"activity":"Sandalwood Filter","dependencyConditions":["Succeeded"]}],"typeProperties":{"items":{"value":"@activity('Sandalwood Filter').output.value","type":"Expression"},"isSequential":true,"activities":[{"name":"Sandalwood Copy data","type":"Copy","dependsOn":[],"policy":{"timeout":"0.12:00:00","retry":0,"retryIntervalInSeconds":30,"secureOutput":false,"secureInput":false},"typeProperties":{"source":{"type":"DelimitedTextSource","storeSettings":{"type":"LakehouseReadSettings","recursive":true,"enablePartitionDiscovery":false},"formatSettings":{"type":"DelimitedTextReadSettings"},"datasetSettings":{"annotations":[],"linkedService":{"name":"IndianBO_LH","properties":{"annotations":[],"type":"Lakehouse","typeProperties":{"workspaceId":"f1629dcd-bdba-4303-8ccc-19fba0326523","artifactId":"[parameters('IndianBO_LH')]","rootFolder":"Files"}}},"type":"DelimitedText","typeProperties":{"location":{"type":"LakehouseLocation","fileName":{"value":"@item().name","type":"Expression"},"folderPath":"Datasets"},"columnDelimiter":",","escapeChar":"\\","firstRowAsHeader":true,"quoteChar":"\""},"schema":[]}},"sink":{"type":"DataWarehouseSink","allowCopyCommand":true,"copyCommandSettings":{},"tableOption":"autoCreate","datasetSettings":{"annotations":[],"linkedService":{"name":"IndianBO_WH","properties":{"annotations":[],"type":"DataWarehouse","typeProperties":{"endpoint":"pazays4cnlnuzaof4dta7sjy7u-zwowf4n2xubuhdgmdh52amtfem.datawarehouse.fabric.microsoft.com","artifactId":"[parameters('IndianBO_WH')]","workspaceId":"f1629dcd-bdba-4303-8ccc-19fba0326523"}}},"type":"DataWarehouseTable","schema":[],"typeProperties":{"schema":"IndianBO","table":"Sandalwood"}}},"enableStaging":true,"translator":{"type":"TabularTranslator","typeConversion":true,"typeConversionSettings":{"allowDataTruncation":true,"treatBooleanAsNumber":false}}}}]}}],"lastModifiedByObjectId":"8629a5f0-96db-4eb0-8840-2cf790003080","lastPublishTime":"2026-02-18T16:42:00Z"},"dependsOn":[]}]}